Matrix,Time
600x600,0.549716
1000x1000,0.723517
1400x1400,1.860436
1800x1800,4.542169
2200x2200,8.325955
2600x2600,13.711442
3000x3000,22.681486
