matrix,Time
600x600,0.449446
1000x1000,1.55752
1400x1400,4.596171
1800x1800,18.712362
2200x2200,39.134823
2600x2600,69.967018
3000x3000,122.565033
